pair,score
Radko Gudas MacKenzie Weegar,555.613000059128
Alexander Edler Matt Roy,548.833009201288
Ian Cole Jaccob Slavin,547.160994803906
Darnell Nurse Evan Bouchard,540.839997124672
Ryan Suter Miro Heiskanen,539.250007152558
MacKenzie Weegar Gustav Forsling,539.125007581711
Brady Skjei Jaccob Slavin,537.686991894245
Radko Gudas Gustav Forsling,528.798003101349
Travis Dermott Timothy Liljegren,527.116001862288
Jaccob Slavin Brett Pesce,525.883996009827
Alexander Edler Olli Maatta,525.340006351471
TJ Brodie Timothy Liljegren,516.898001718521
Justin Holl Timothy Liljegren,515.110006070137
Alec Martinez Alex Pietrangelo,508.697993814945
Duncan Keith Evan Bouchard,505.990993094444
Alexander Edler Mikey Anderson,505.880999779701
Olli Maatta Matt Roy,504.203010636568
Jake Muzzin Timothy Liljegren,500.116002583504
Duncan Keith Darnell Nurse,498.308998537064
Chad Ruhwedel Marcus Pettersson,497.608002078533
Jacob Trouba K'Andre Miller,496.485000765324
Alex Pietrangelo Zach Whitecloud,496.205992865562
Kris Russell Evan Bouchard,495.51599714756
Alex Pietrangelo Nicolas Hague,494.585989558697
Alex Pietrangelo Ben Hutton,493.440995240211
Ian Cole Brady Skjei,491.083997654915
Oliver Ekman-Larsson Travis Dermott,490.557004898787
TJ Brodie Travis Dermott,490.07600094676
Brett Kulak Evan Bouchard,490.0649959445
Dmitry Orlov Martin Fehervary,489.791990852356
Cody Ceci Evan Bouchard,489.306996691227
Justin Holl Travis Dermott,488.288005298376
Kris Russell Darnell Nurse,487.834002590179
Dmitry Orlov Nick Jensen,486.59999986887
Brian Dumoulin Marcus Pettersson,485.935005044937
Jaccob Slavin Tony DeAngelo,485.601998245716
Matt Roy Mikey Anderson,484.744004064798
Marcus Pettersson John Marino,483.729996442795
Mikhail Sergachev Jan Rutta,483.089997905493
Brett Kulak Darnell Nurse,482.383001387119
Devon Toews Cale Makar,481.791996479034
Cody Ceci Darnell Nurse,481.625002133846
Esa Lindell Miro Heiskanen,481.531995773316
Ryan Murray Devon Toews,480.496002691984
Ian Cole Brett Pesce,479.281001770496
TJ Brodie Justin Holl,478.07000515461
Joel Hanley Miro Heiskanen,477.803007721901
Alexander Edler Troy Stecher,477.536003673077
Alex Pietrangelo Brayden McNabb,476.279991865158
Alec Martinez Zach Whitecloud,475.473996150494
Alec Martinez Nicolas Hague,473.853992843628
Jake Muzzin Travis Dermott,473.294001811743
Alec Martinez Ben Hutton,472.708998525143
Ryan Suter Esa Lindell,471.51599445343
Jonas Brodin Matt Dumba,471.325998353958
Alexander Edler Tobias Bjornfot,470.728002631664
Erik Johnson Devon Toews,470.594995689392
Brady Skjei Brett Pesce,469.806998860836
Jonas Brodin Jacob Middleton,468.362003934383
Ryan Suter Joel Hanley,467.787006402016
Ben Chiarot MacKenzie Weegar,467.632999575138
Christopher Tanev Erik Gudbranson,465.792006492615
Matt Dumba Jacob Middleton,465.332003939152
P.K. Subban Damon Severson,465.302990937233
Adam Pelech Ryan Pulock,465.16599855423
Evan Bouchard Philip Broberg,464.578990244865
Zach Bogosian Jan Rutta,463.936998683214
Jacob Trouba Ryan Lindgren,463.574003994465
Timothy Liljegren Ilya Lyubushkin,463.316000401974
Jake Muzzin TJ Brodie,463.076001667976
P.K. Subban Jonas Siegenthaler,462.861994946003
Dmitry Orlov Trevor van Riemsdyk,462.742998290062
Erik Cernak Jan Rutta,462.73799430728
Nicolas Hague Zach Whitecloud,461.361991894245
Jake Muzzin Justin Holl,461.288006019592
Olli Maatta Mikey Anderson,461.251001214981
Luke Schenn Travis Dermott,460.897003644705
Zach Bogosian Mikhail Sergachev,460.815004241466
Jani Hakanpaa Miro Heiskanen,460.275007516146
Ben Hutton Zach Whitecloud,460.21699757576
Brian Dumoulin Chad Ruhwedel,459.817000472546
Josh Manson Devon Toews,459.757004010677
Erik Cernak Mikhail Sergachev,459.615999865532
Ryan Lindgren K'Andre Miller,459.05499792099
Ben Hutton Nicolas Hague,458.596994268894
Chad Ruhwedel John Marino,457.611991870403
MacKenzie Weegar Robert Hagg,457.432006299496
Ben Chiarot Radko Gudas,457.305995094776
Markus Niemelainen Evan Bouchard,457.079995727539
Darnell Nurse Philip Broberg,456.896995687485
Matt Roy Troy Stecher,456.399007958174
Alec Martinez Brayden McNabb,455.547995150089
P.K. Subban Colton White,455.431992134452
Damon Severson Jonas Siegenthaler,454.430995833874
Duncan Keith Kris Russell,452.984998559952
Dmitry Kulikov Jonas Brodin,452.644001507759
Jack Johnson Devon Toews,452.31399051547
Luke Schenn Oliver Ekman-Larsson,451.160007452965
Ryan Suter Jani Hakanpaa,450.25900619626
MacKenzie Weegar Aaron Ekblad,450.220006084442
Dmitry Kulikov Matt Dumba,449.614001512527
Matt Roy Tobias Bjornfot,449.591006916761
Hampus Lindholm Connor Clifton,449.487006127834
Darnell Nurse Markus Niemelainen,449.398001170158
Andrej Sekera Miro Heiskanen,448.44600636363
Duncan Keith Brett Kulak,447.533997356892
Radko Gudas Robert Hagg,447.105001819134
Damon Severson Colton White,447.000993022323
Duncan Keith Cody Ceci,446.775998103619
Dmitry Kulikov Jacob Middleton,446.650007092953
Brian Dumoulin John Marino,445.938994836807
Jaycob Megna Jacob Middleton,445.287005114555
P.K. Subban Ryan Graves,445.145988130569
Kyle Burroughs Travis Dermott,444.561005061865
Jonas Siegenthaler Colton White,444.559997031093
Connor Clifton Brandon Carlo,444.425009334087
Tyler Myers Travis Dermott,444.04999858737
Jamie Oleksiak Carson Soucy,443.632997226715
Brayden McNabb Zach Whitecloud,443.055994200706
Jake Walman Moritz Seider,442.215994346142
Brayden McNabb Nicolas Hague,441.435990893841
Ben Chiarot Gustav Forsling,440.818002617359
Zach Bogosian Erik Cernak,440.463000643253
Brayden McNabb Ben Hutton,440.290996575355
Radko Gudas Aaron Ekblad,439.89300160408
Tucker Poolman Travis Dermott,439.470005053282
Ian Cole Tony DeAngelo,438.999004006386
Ryan Suter Andrej Sekera,438.430005043745
Brent Burns Jacob Middleton,438.090004277229
Scott Mayfield Ryan Pulock,437.967998981476
Morgan Rielly Timothy Liljegren,437.709002995491
Jon Merrill Jonas Brodin,437.441992735863
Kris Russell Brett Kulak,437.059001410008
Damon Severson Ryan Graves,436.71498901844
Timothy Liljegren Rasmus Sandin,436.678998851776
Travis Dermott Ilya Lyubushkin,436.493999630213
Kris Russell Cody Ceci,436.301002156734
John Carlson Dmitry Orlov,435.793995857239
Oliver Ekman-Larsson Kyle Burroughs,434.824008870125
Jon Merrill Matt Dumba,434.411992740631
Tyler Myers Oliver Ekman-Larsson,434.31300239563
Ryan Graves Jonas Siegenthaler,434.27399302721
Tyson Barrie Evan Bouchard,434.160998678207
Ryan McDonagh Jan Rutta,433.946006768942
Hampus Lindholm Brandon Carlo,433.796005105972
Zdeno Chara Ryan Pulock,433.020005774498
Olli Maatta Troy Stecher,432.906005108357
Jordie Benn Jonas Brodin,432.438001430035
Christopher Tanev Rasmus Andersson,432.383995342255
Travis Hamonic Oliver Ekman-Larsson,431.818003356457
Jon Merrill Jacob Middleton,431.447998321056
Cody Ceci Brett Kulak,430.850000953674
Ryan McDonagh Mikhail Sergachev,430.824012327194
Robert Hagg Gustav Forsling,430.617009341717
Kris Letang Marcus Pettersson,430.453008008003
Oliver Ekman-Larsson Tucker Poolman,429.733008861542
Brady Skjei Tony DeAngelo,429.525001096726
Jordie Benn Matt Dumba,429.408001434803
Kevin Shattenkirk Hampus Lindholm,429.182003378868
Jaccob Slavin Ethan Bear,428.591994559765
MacKenzie Weegar Brandon Montour,427.580004668236
Ryan Graves Colton White,426.843990215659
Carson Soucy Haydn Fleury,426.837994611263
Brendan Smith Jaccob Slavin,426.751992857456
Tyson Barrie Darnell Nurse,426.479004120827
Jordie Benn Jacob Middleton,426.444007015228
TJ Brodie Ilya Lyubushkin,426.275999486446
Olli Maatta Tobias Bjornfot,426.098004066944
Justin Holl Ilya Lyubushkin,424.488003838062
Alexander Edler Sean Durzi,423.645004928112
Aaron Ekblad Gustav Forsling,423.405009126663
Troy Stecher Moritz Seider,422.249997472763
Alexander Edler Drew Doughty,422.114998459816
Duncan Keith Philip Broberg,422.047991657257
Scott Mayfield Adam Pelech,421.826001691818
Brent Burns Jaycob Megna,421.008999872208
Filip Hronek Moritz Seider,420.832002949715
Jamie Oleksiak Haydn Fleury,420.77699817419
Nick Jensen Martin Fehervary,420.683994591236
Cam Fowler Hampus Lindholm,420.262000155449
Alexander Edler Jordan Spence,419.435005366802
Alex Pietrangelo Shea Theodore,419.224993705749
Justin Braun Jacob Trouba,419.205001115799
Hampus Lindholm Simon Benoit,418.568003857136
Jeff Petry Brett Kulak,418.55499728322
Colton Parayko Jake Walman,418.265998804569
Victor Hedman Jan Rutta,417.935998123884
Brett Pesce Tony DeAngelo,417.722005212307
Ryan Pulock Sebastian Aho,417.714001023769
Radko Gudas Brandon Montour,417.253000187874
Zdeno Chara Adam Pelech,416.87800848484
Derek Forbort Connor Clifton,416.810000360012
Connor Clifton Charlie McAvoy,415.788001024723
Dmitry Kulikov Jon Merrill,415.729995894432
Andrej Sustr Jan Rutta,415.411998218298
Victor Hedman Mikhail Sergachev,414.814003682136
Justin Braun K'Andre Miller,414.685995042324
Jacob Middleton Nicolas Meloche,414.656005358696
Duncan Keith Markus Niemelainen,414.548997139931
MacKenzie Weegar Lucas Carlsson,414.300002610683
Troy Stecher Mikey Anderson,413.446998536587
Michael Del Zotto Artem Zub,413.24100716114
Michael Del Zotto Travis Hamonic,412.661000907421
John Klingberg Miro Heiskanen,412.443001377583
Andrej Sustr Mikhail Sergachev,412.29000377655
Ryan McDonagh Zach Bogosian,411.671013104916
Kris Russell Philip Broberg,411.572995710373
Morgan Rielly Travis Dermott,410.88700222373
Jordie Benn Dmitry Kulikov,410.726004588604
Kevin Shattenkirk Cam Fowler,410.586001634598
Ryan McDonagh Erik Cernak,410.472008728981
Esa Lindell Joel Hanley,410.068995022774
Travis Dermott Rasmus Sandin,409.856998080015
Jake Muzzin Ilya Lyubushkin,409.494000351429
Kevin Shattenkirk Simon Benoit,408.892005336285
Jacob Middleton Mario Ferraro,408.757010602951
Jake Walman Niko Mikkola,408.515993267298
Mattias Ekholm Alexandre Carrier,407.436003756523
Christopher Tanev Noah Hanifin,407.05400018692
Ryan Murray Cale Makar,407.023999708891
Mikey Anderson Tobias Bjornfot,406.638997495174
Derek Forbort Hampus Lindholm,406.180996131897
Brett Kulak Philip Broberg,406.121994507313
Cody Ceci Philip Broberg,405.36399525404
Luke Schenn Kyle Burroughs,405.164007616043
Hampus Lindholm Charlie McAvoy,405.158996796608
Erik Gudbranson Rasmus Andersson,404.907998514175
Luke Schenn Tyler Myers,404.653001141548
Kris Letang Chad Ruhwedel,404.335003435612
Kris Russell Markus Niemelainen,404.074001193047
Christopher Tanev Oliver Kylington,403.974001455307
Radko Gudas Lucas Carlsson,403.972998130322
Marc-Edouard Vlasic Jacob Middleton,403.84800671339
Jake Walman Filip Hronek,403.650004780292
Alexandre Carrier Philippe Myers,403.454993486404
Connor Clifton Urho Vaakanainen,403.454006123543
Shayne Gostisbehere Jakob Chychrun,403.306001853943
Gustav Lindstrom Moritz Seider,403.285998165607
Shayne Gostisbehere Ilya Lyubushkin,402.9370008111
Matt Roy Sean Durzi,402.508009213209
Ryan Suter John Klingberg,402.427000057697
Luke Schenn Travis Hamonic,402.158002102375
Colton Parayko Niko Mikkola,401.747995895147
Adam Pelech Sebastian Aho,401.572003734112
Josh Manson Hampus Lindholm,401.554005229473
Devon Toews Bowen Byram,401.451999306679
Derek Forbort Brandon Carlo,401.11899933815
Drew Doughty Matt Roy,400.978002744913
Brandon Montour Gustav Forsling,400.765007710457
TJ Brodie Morgan Rielly,400.669002079964
Ben Chiarot Brett Kulak,400.466997408867
Brandon Carlo Charlie McAvoy,400.097000002861
Luke Schenn Tucker Poolman,400.07300760746
Cam Fowler Simon Benoit,399.972002112865
Justin Schultz Dmitry Orlov,399.763999581337
TJ Brodie Rasmus Sandin,399.638997936249
Jacob Trouba Adam Fox,399.622000324726
Andy Greene Ryan Pulock,399.27700022459
Justin Holl Morgan Rielly,398.88100643158
Alec Martinez Shea Theodore,398.492996990681
Matt Roy Jordan Spence,398.298009651899
Cody Ceci Markus Niemelainen,397.865000736713
Justin Holl Rasmus Sandin,397.851002287865
Mike Matheson Marcus Pettersson,397.803006958961
Jaycob Megna Nicolas Meloche,397.575000953674
Erik Johnson Cale Makar,397.122992706299
Trevor van Riemsdyk Martin Fehervary,396.826993012428
Carson Soucy Jeremy Lauzon,396.729998540878
Mark Giordano Timothy Liljegren,396.629002952576
Erik Johnson Ryan Murray,395.826998919249
Zach Bogosian Victor Hedman,395.661004459858
Jordie Benn Jon Merrill,395.523995816708
Marco Scandella Jake Walman,395.141990482807
Adam Fox K'Andre Miller,395.102994251251
Victor Hedman Erik Cernak,394.462000083923
Jordan Oesterle Moritz Seider,393.952999222279
Patrik Nemeth Jacob Trouba,393.711003625393
Matt Grzelcyk Connor Clifton,393.658002400398
Nick Jensen Trevor van Riemsdyk,393.635002028942
Brenden Dillon Dylan DeMelo,393.264991760254
Robert Bortuzzo Jake Walman,393.214004248381
Kris Letang Brian Dumoulin,392.662006402016
Jani Hakanpaa Esa Lindell,392.540994817018
Mark Borowiecki Alexandre Carrier,392.383998179436
Marc Staal Moritz Seider,392.371995544434
Andrej Sustr Erik Cernak,391.938000178337
Gabriel Carlsson Jake Bean,391.92600120306
Kevin Shattenkirk Josh Manson,391.878006708622
Hampus Lindholm Andrej Sustr,391.735002994537
Jaycob Megna Mario Ferraro,391.676006197929
Duncan Keith Tyson Barrie,391.630000090599
Ryan Pulock Sebastian Aho,391.323999249935
Travis Sanheim Ivan Provorov,391.215008091927
Mattias Ekholm Philippe Myers,391.087000775337
Jamie Oleksiak Jeremy Lauzon,390.669002103806
Kris Letang John Marino,390.456997799873
Brent Burns Nicolas Meloche,390.378000116348
Devon Toews Samuel Girard,389.811999320984
Zdeno Chara Scott Mayfield,389.680008912087
Miro Heiskanen Thomas Harley,389.283007073403
Henri Jokiharju Jacob Bryson,389.271000730991
Dean Kukan Jake Bean,389.244998908043
Patrik Nemeth K'Andre Miller,389.191997551918
Jani Hakanpaa Joel Hanley,388.812006765604
Marco Scandella Colton Parayko,388.373993110657
Jared Spurgeon Jonas Brodin,388.337998604774
Tyler Myers Kyle Burroughs,388.317002558708
Adam Larsson Carson Soucy,388.253998732567
Gabriel Carlsson Dean Kukan,388.17100571394
Alex Pietrangelo Dylan Coghlan,387.78499507904
Brandon Carlo Urho Vaakanainen,387.763005101681
Gustav Forsling Lucas Carlsson,387.485005652905
Jeff Petry Ben Chiarot,387.41399448514
Marc-Edouard Vlasic Jaycob Megna,386.767002308369
Robert Bortuzzo Colton Parayko,386.44600687623
Josh Manson Cale Makar,386.285001027584
Jake Walman Gustav Lindstrom,386.103999996185
Shea Theodore Zach Whitecloud,386.000996041298
Travis Hamonic Kyle Burroughs,385.822003519535
Rasmus Ristolainen Ivan Provorov,385.707011258602
Tyler Myers Travis Hamonic,385.31099704504
Jared Spurgeon Matt Dumba,385.307998609543
Josh Manson Ryan Murray,384.989007240534
Michael Del Zotto Victor Mete,384.844002079964
Brent Burns Mario Ferraro,384.479005360603
Shea Theodore Nicolas Hague,384.380992734432
Danny DeKeyser Moritz Seider,384.150995635986
Jake Muzzin Morgan Rielly,383.887002944946
Kyle Burroughs Tucker Poolman,383.73700902462
Filip Hronek Troy Stecher,383.684007906914
Rasmus Ristolainen Travis Sanheim,383.566006672382
Robert Hagg Jacob Bryson,383.508007788658
Travis Hamonic Artem Zub,383.396004259586
Ben Hutton Shea Theodore,383.235998415947
Tyler Myers Tucker Poolman,383.226002550125
Kevin Shattenkirk Urho Vaakanainen,383.149003374577
Andy Greene Adam Pelech,383.135002934933
Hampus Lindholm Matt Grzelcyk,383.028998172283
Cam Fowler Josh Manson,382.958003485203
Jake Muzzin Rasmus Sandin,382.856998801231
Jared Spurgeon Jacob Middleton,382.344004189968
Adam Larsson Jamie Oleksiak,382.193002295494
Kevin Shattenkirk Andrej Sustr,382.059004473686
Ian Cole Ethan Bear,381.989000320435
Jacob Bryson Mattias Samuelsson,381.907001423836
Jeremy Lauzon Alexandre Carrier,381.784999942779
Justin Braun Ryan Lindgren,381.774998271465
Christopher Tanev Nikita Zadorov,381.454000401497
Josh Manson Simon Benoit,381.26400718689
Kris Russell Tyson Barrie,381.155004143715
Michael Del Zotto Nikita Zaitsev,380.821002519131
Travis Hamonic Tucker Poolman,380.731003510952
Andrej Sekera Esa Lindell,380.711993664503
Ian Cole Brendan Smith,380.148998618126
Mark Borowiecki Mattias Ekholm,380.016005468369
Erik Gudbranson Noah Hanifin,379.578003358841
Brent Burns Marc-Edouard Vlasic,379.570001471043
Ryan Suter Thomas Harley,379.267005753517
Olli Maatta Sean Durzi,379.015006363392
Shayne Gostisbehere Cam Dineen,378.980000817776
Jack Johnson Cale Makar,378.841987532377
Marco Scandella Niko Mikkola,378.623987573385
Troy Stecher Tobias Bjornfot,378.29400138855
Matt Grzelcyk Brandon Carlo,377.967001378536
Jack Johnson Ryan Murray,377.545993745327
Drew Doughty Olli Maatta,377.484999895096
Andrej Sekera Joel Hanley,376.983005613089
Jordan Oesterle Jake Walman,376.771001052856
Nick Holden Michael Del Zotto,376.719004058838
Robert Bortuzzo Niko Mikkola,376.696001338959
Erik Gudbranson Oliver Kylington,376.498004627228
Nick Seeler Ivan Provorov,376.39000364542
Mark Borowiecki Philippe Myers,376.03499519825
Tyson Barrie Brett Kulak,375.704002940655
Marc Staal Jake Walman,375.189997375011
Adam Pelech Sebastian Aho,375.182001960278
Erik Johnson Josh Manson,375.088000237942
Calvin de Haan Caleb Jones,375.000003492832
Tyson Barrie Cody Ceci,374.946003687382
Olli Maatta Jordan Spence,374.805006802082
Brett Kulak Alexander Romanov,374.777004802227
Scott Mayfield Sebastian Aho,374.374004161358
Nick Seeler Travis Sanheim,374.2489990592
Cam Fowler Urho Vaakanainen,374.229000151157
William Lagesson Evan Bouchard,373.96099588871
Haydn Fleury Jeremy Lauzon,373.873999488354
Cam Fowler Andrej Sustr,373.139001250267
Markus Niemelainen Philip Broberg,373.136994290352
Jakob Chychrun Ilya Lyubushkin,373.062999212742
Urho Vaakanainen Simon Benoit,372.535003852844
Brady Skjei Ethan Bear,372.514997410774
Derek Forbort Charlie McAvoy,372.481991028786
Mike Matheson Chad Ruhwedel,371.68500238657
Andrej Sustr Simon Benoit,371.445004951954
Brendan Smith Brady Skjei,370.674995708466
Joel Edmundson Brett Kulak,370.505998408794
John Carlson Martin Fehervary,369.877990579605
Zdeno Chara Sebastian Aho,369.42601095438
Mattias Ekholm Jeremy Lauzon,369.417007231712
Alexander Edler Kale Clague,368.825000226498
Nick Seeler Rasmus Ristolainen,368.741002225876
Kevin Connauton MacKenzie Weegar,368.650002396107
Mike Reilly Connor Clifton,368.608000838757
Jack Johnson Erik Johnson,367.644986742735
Alec Martinez Dylan Coghlan,367.052998363972
Danny DeKeyser Jake Walman,366.968997466564
John Carlson Nick Jensen,366.685999596119
Jared Spurgeon Dmitry Kulikov,366.626001763344
Alex Goligoski Jonas Brodin,366.597993409634
Marcus Pettersson Mark Friedman,366.563004803658
Vladislav Gavrikov Jake Bean,366.337995684147
Darnell Nurse William Lagesson,366.279001331329
Troy Stecher Gustav Lindstrom,366.138003122807
Brayden McNabb Shea Theodore,366.074995040894
Ryan McDonagh Victor Hedman,365.670012545586
Adam Larsson Haydn Fleury,365.397999680042
Justin Braun Ivan Provorov,365.381004035473
Gabriel Carlsson Vladislav Gavrikov,365.264002490044
P.K. Subban Dougie Hamilton,365.176999676228
Roman Josi Alexandre Carrier,364.932000231743
Filip Hronek Gustav Lindstrom,364.720008599758
Alex Goligoski Matt Dumba,363.567993414402
Robert Bortuzzo Marco Scandella,363.321998554468
Justin Braun Travis Sanheim,363.239999449253
Ryan McDonagh Andrej Sustr,363.146012639999
Mark Pysyk Jacob Bryson,363.075006997585
Brad Hunt Travis Dermott,363.057000511885
Matthew Benning Alexandre Carrier,362.818001079559
Dean Kukan Vladislav Gavrikov,362.583000195026
Adam Fox Ryan Lindgren,362.191997480393
Connor Murphy Caleb Jones,362.081007659435
Jeff Petry Alexander Romanov,361.7240018785
Caleb Jones Riley Stillman,361.423004233837
Nicolas Meloche Mario Ferraro,361.04500644207
Brenden Dillon Logan Stanley,360.740993094444
Brett Pesce Ethan Bear,360.712001526356
Alex Goligoski Jacob Middleton,360.603998994827
Michael Del Zotto Thomas Chabot,360.503003931046
Derek Forbort Urho Vaakanainen,360.147996127605
Brian Dumoulin Mike Matheson,360.012005352974
Mark Giordano TJ Brodie,359.589002037048
Mikey Anderson Sean Durzi,359.555999791622
Andrej Sekera Jani Hakanpaa,359.455005407333
Charlie McAvoy Urho Vaakanainen,359.125996792316
Ben Chiarot Robert Hagg,359.125001335144
Brendan Smith Brett Pesce,358.871999824047
David Savard Brett Kulak,358.732003861666
Ryan Pulock Noah Dobson,358.63399835825
Kevin Connauton Radko Gudas,358.322997915745
Drew Doughty Mikey Anderson,358.025993323326
Mike Reilly Hampus Lindholm,357.978996610642
Mike Matheson John Marino,357.806996750832
Mark Giordano Justin Holl,357.801006388664
Justin Braun Rasmus Ristolainen,357.732002615929
Torey Krug Jake Walman,357.716997420788
Jeff Petry Joel Edmundson,357.452995485067
Jack Johnson Josh Manson,356.80699506402
Jordan Oesterle Troy Stecher,356.805004179478
Dougie Hamilton Damon Severson,356.746000564098
Patrik Nemeth Ryan Lindgren,356.281000781059
Marc-Edouard Vlasic Nicolas Meloche,356.136002552509
Andy Greene Scott Mayfield,355.937003362179
Victor Mete Artem Zub,355.579005432129
Jordan Oesterle Filip Hronek,355.387009656429
Mikey Anderson Jordan Spence,355.346000230312
Marc Staal Troy Stecher,355.224000501633
Travis Hamonic Victor Mete,354.99899917841
Robert Hagg Henri Jokiharju,354.687001001835
Dylan Coghlan Zach Whitecloud,354.560997414589
Josh Manson Andrej Sustr,354.431006324291
Mark Borowiecki Jeremy Lauzon,354.365001654625
Dougie Hamilton Jonas Siegenthaler,354.305004572868
Erik Gudbranson Nikita Zadorov,353.978003573418
Marc Staal Filip Hronek,353.806005978584
Jacob Trouba Nils Lundkvist,353.502002227306
Oliver Ekman-Larsson Brad Hunt,353.320004320145
Henri Jokiharju Mattias Samuelsson,353.085994637013
Dylan Coghlan Nicolas Hague,352.940994107723
Mike Reilly Brandon Carlo,352.916999816895
Roman Josi Mattias Ekholm,352.564007520676
Ben Hutton Dylan Coghlan,351.795999789238
Nikita Zaitsev Artem Zub,351.556005871296
Jared Spurgeon Jon Merrill,351.423992991447
Zdeno Chara Andy Greene,350.989010155201
Travis Hamonic Nikita Zaitsev,350.975999617577
Torey Krug Colton Parayko,350.949000048637
Mattias Ekholm Matthew Benning,350.450008368492
Derek Forbort Matt Grzelcyk,350.351992404461
Marc-Edouard Vlasic Mario Ferraro,350.237007796764
Tyson Barrie Philip Broberg,350.21799724102
Ryan Pulock Sebastian Aho,349.524000489712
Matt Grzelcyk Charlie McAvoy,349.329993069172
Cam Dineen Jakob Chychrun,349.105999219418
K'Andre Miller Nils Lundkvist,348.982996153831
Cam Dineen Ilya Lyubushkin,348.736998176575
Roman Josi Philippe Myers,348.582997250557
Justin Braun Nick Seeler,348.414995002747
Scott Mayfield Sebastian Aho,347.984002387524
Matt Roy Kale Clague,347.688004511595
Nick Holden Artem Zub,347.454007411003
Robert Hagg Mattias Samuelsson,347.323001694679
Victor Hedman Andrej Sustr,347.136003994942
Morgan Rielly Ilya Lyubushkin,347.087000763416
Danny DeKeyser Troy Stecher,347.003000593185
Dougie Hamilton Colton White,346.875001761317
Nick Holden Travis Hamonic,346.874001157284
Dylan DeMelo Logan Stanley,346.707995820045
Matthew Benning Philippe Myers,346.468998098373
Jared Spurgeon Jordie Benn,346.420001685619
Noah Hanifin Rasmus Andersson,346.169992208481
Rasmus Sandin Ilya Lyubushkin,346.056996619701
Andrej Sustr Urho Vaakanainen,345.702002990246
Jeff Petry David Savard,345.679000937939
Danny DeKeyser Filip Hronek,345.585006070137
Brenden Dillon Josh Morrissey,345.568994176388
Alex Goligoski Dmitry Kulikov,344.885996568203
John Klingberg Esa Lindell,344.708988678455
Mark Giordano Carson Soucy,344.506998467445
Ben Chiarot Alexander Romanov,343.636002004147
Rasmus Andersson Oliver Kylington,343.089993476868
Zdeno Chara Sebastian Aho,343.036009180546
John Carlson Trevor van Riemsdyk,342.828998017311
Mark Giordano Jake Muzzin,342.807002902031
Tyson Barrie Markus Niemelainen,342.719002723694
Adam Pelech Noah Dobson,342.492001068592
Kevin Connauton Gustav Forsling,341.835005438328
Andrew Peeke Jake Bean,341.482000148296
Torey Krug Niko Mikkola,341.198994511366
John Klingberg Joel Hanley,340.980000627041
Chad Ruhwedel Mark Friedman,340.445000231266
Gabriel Carlsson Andrew Peeke,340.408006954193
Erik Karlsson Jacob Middleton,340.134004747868
Anton Stralman Shayne Gostisbehere,339.880001282692
Ben Chiarot Joel Edmundson,339.364995610714
Mark Giordano Jamie Oleksiak,338.446002030373
Jordan Oesterle Gustav Lindstrom,337.841004872322
Dean Kukan Andrew Peeke,337.727004659176
Roman Josi Mark Borowiecki,337.512001943588
Matt Grzelcyk Urho Vaakanainen,336.995998167992
Jacob Trouba Braden Schneider,336.622002112865
Carson Soucy Vince Dunn,336.606991457939
Dougie Hamilton Ryan Graves,336.588997757435
Calvin de Haan Connor Murphy,336.289003038406
Marc Staal Gustav Lindstrom,336.260001194477
Andy Greene Sebastian Aho,335.683005404472
Calvin de Haan Riley Stillman,335.630999612808
Mark Borowiecki Matthew Benning,335.398002791405
Adam Larsson Jeremy Lauzon,335.290003609657
Jake McCabe Caleb Jones,334.872003042698
Brayden McNabb Dylan Coghlan,334.634996414185
Mark Pysyk Henri Jokiharju,334.254000210762
Justin Schultz Martin Fehervary,333.847994303703
Adam Pelech Sebastian Aho,333.382003200054
Ryan Pulock Robin Salo,333.183995866775
Chris Wideman Brett Kulak,333.173998856544
K'Andre Miller Braden Schneider,332.102996039391
Dylan DeMelo Josh Morrissey,331.535996901989
Duncan Keith William Lagesson,331.429997301102
Thomas Chabot Artem Zub,331.238007283211
Troy Stecher Sean Durzi,331.211003684998
P.K. Subban Ty Smith,330.896997082233
Travis Hamonic Thomas Chabot,330.658001029491
Justin Schultz Nick Jensen,330.656003320217
Jamie Oleksiak Vince Dunn,330.545995020866
Alex Goligoski Jon Merrill,329.683987796307
Ben Chiarot Brandon Montour,329.272999703884
Michael Del Zotto Erik Brannstrom,329.143000638485
Brian Dumoulin Mark Friedman,328.77200319767
Mark Pysyk Robert Hagg,328.491007268429
Danny DeKeyser Gustav Lindstrom,328.03900128603
Cale Makar Bowen Byram,327.979996323586
Marco Scandella Torey Krug,327.824991726875
David Savard Ben Chiarot,327.591001063585
Troy Stecher Jordan Spence,327.001004123688
Marc Staal Jordan Oesterle,326.927002251148
Roman Josi Jeremy Lauzon,326.913003706932
Mark Pysyk Mattias Samuelsson,326.890000903607
Ryan Murray Bowen Byram,326.684002536535
Mark Friedman John Marino,326.566994595528
Robert Bortuzzo Torey Krug,325.897005492449
Derek Forbort Mike Reilly,325.301990842819
Matthew Benning Jeremy Lauzon,324.799004554749
Alex Goligoski Jordie Benn,324.679996490479
Sean Durzi Tobias Bjornfot,324.403002643585
Justin Faulk Jake Walman,324.336995756626
Mike Reilly Charlie McAvoy,324.27999150753
Olli Maatta Kale Clague,324.195001661778
Luke Schenn Brad Hunt,323.660003066063
Jani Hakanpaa John Klingberg,323.452000421286
Victor Mete Nikita Zaitsev,323.159000790119
Ryan Pulock Sebastian Aho,323.133998715878
Erik Karlsson Jaycob Megna,323.053000342846
Drew Doughty Tobias Bjornfot,322.872996175289
Connor Murphy Riley Stillman,322.712003779411
Damon Severson Ty Smith,322.465997970104
Hampus Lindholm Jamie Drysdale,322.409003174305
Mark Giordano Haydn Fleury,321.650999414921
Esa Lindell Thomas Harley,321.548994374275
Erik Gustafsson Caleb Jones,321.296000933647
Kris Russell William Lagesson,320.955001354218
Brenden Dillon Nate Schmidt,320.848995161057
Nikita Zadorov Rasmus Andersson,320.569992423058
Morgan Rielly Rasmus Sandin,320.449999213219
Tony DeAngelo Ethan Bear,320.430003762245
Tobias Bjornfot Jordan Spence,320.193003082275
Jeff Petry Chris Wideman,320.120995932817
Jonas Siegenthaler Ty Smith,320.025001978874
Brenden Dillon Neal Pionk,319.788997244835
Robert Hagg Brandon Montour,319.072006428242
Nick Holden Victor Mete,319.057002329826
Danny DeKeyser Jordan Oesterle,318.706002342701
Brendan Smith Tony DeAngelo,318.590002059937
Jacob Middleton Radim Simek,318.484001851082
Shayne Gostisbehere Dysin Mayo,318.376003968716
Justin Braun Adam Fox,317.822994601726
Joel Hanley Thomas Harley,317.820006322861
Noah Hanifin Oliver Kylington,317.759998321533
Jacob Middleton Ryan Merkley,317.754004693031
Jacob Bryson Rasmus Dahlin,317.586001038551
Justin Faulk Colton Parayko,317.568998384476
Alexandre Carrier Dante Fabbro,317.431995940208
Marc Staal Danny DeKeyser,317.124998664856
Adam Pelech Robin Salo,317.041998577118
Erik Johnson Bowen Byram,316.782995533943
Samuel Girard Cale Makar,316.339996337891
Ryan Lindgren Nils Lundkvist,316.071999382973
Ben Chiarot Lucas Carlsson,315.992997646332
Brent Burns Erik Karlsson,315.85599950552
Scott Mayfield Noah Dobson,315.294001495838
Ryan Murray Samuel Girard,315.04400255084
Nick Holden Nikita Zaitsev,315.034002768993
Vladislav Gavrikov Andrew Peeke,314.82000143528
Cody Ceci William Lagesson,314.746000897884
Haydn Fleury Vince Dunn,313.750992405415
Nick Leddy Moritz Seider,313.718996715546
Joel Edmundson Alexander Romanov,313.675003004074
Kevin Shattenkirk Jamie Drysdale,312.733004653454
Colton White Ty Smith,312.594999167323
Brenden Dillon Nathan Beaulieu,312.207993447781
Mike Reilly Urho Vaakanainen,311.94599660635
Justin Braun Patrik Nemeth,311.911997902393
Aaron Ekblad Brandon Montour,311.860006213188
Andrej Sekera John Klingberg,311.62299926877
Zach Werenski Jake Bean,310.5799934268
Zdeno Chara Noah Dobson,310.34600828886
Anton Stralman Jakob Chychrun,310.005999684334
Anton Stralman Ilya Lyubushkin,309.636998641491
Zach Werenski Gabriel Carlsson,309.506000232697
Andy Greene Sebastian Aho,309.293003630638
Calvin de Haan Jake McCabe,309.079998421669
Roman Josi Matthew Benning,307.946004843712
Justin Faulk Niko Mikkola,307.818992847204
Brad Hunt Kyle Burroughs,307.324004483223
Adam Pelech Sebastian Aho,306.99200142622
Zach Werenski Dean Kukan,306.824997937679
Dylan DeMelo Nate Schmidt,306.815997886658
Tyler Myers Brad Hunt,306.812998008728
Justin Schultz Trevor van Riemsdyk,306.799001741409
Scott Mayfield Sebastian Aho,306.1840036273
Mark Giordano Ilya Lyubushkin,306.007000720501
Josh Manson Bowen Byram,305.945003855228
Robert Hagg Lucas Carlsson,305.792004370689
Dylan DeMelo Neal Pionk,305.755999970436
Colin Miller Jacob Bryson,305.436003267765
Erik Johnson Samuel Girard,305.142995548248
Mattias Ekholm Dante Fabbro,305.064003229141
Kale Clague Mikey Anderson,304.735995090008
Kris Letang Mike Matheson,304.53000831604
Travis Hamonic Brad Hunt,304.317998969555
Cam Fowler Jamie Drysdale,303.813001430035
Thomas Chabot Victor Mete,302.841002202034
Jeff Petry William Lagesson,302.45099722743
Ryan Graves Ty Smith,302.308995163441
Brad Hunt Tucker Poolman,302.23300447464
Mike Reilly Matt Grzelcyk,302.149992883205
Simon Benoit Jamie Drysdale,302.119005131722
Chris Wideman Ben Chiarot,302.032996058464
David Savard Alexander Romanov,301.901008456945
Will Butcher Jacob Bryson,301.666003622115
Jaycob Megna Radim Simek,301.40299744606
Zdeno Chara Sebastian Aho,301.236010420322
Philippe Myers Dante Fabbro,301.082992959022
Ivan Provorov Cam York,301.078008103371
Jaycob Megna Ryan Merkley,300.67300028801
Jani Hakanpaa Thomas Harley,300.292006117105
Erik Brannstrom Artem Zub,299.87800399065
Brett Kulak Kale Clague,299.643997871876
Travis Hamonic Erik Brannstrom,299.297997736931
Ryan Lindgren Braden Schneider,299.191999268532
Josh Morrissey Logan Stanley,299.011998236179
Travis Sanheim Cam York,298.937003517151
Thomas Chabot Nikita Zaitsev,298.818002641201
Aaron Ekblad Lucas Carlsson,298.580004155636
Jack Johnson Bowen Byram,298.501990360022
Dylan DeMelo Nathan Beaulieu,298.174996173382
David Savard Joel Edmundson,297.630002063513
Seth Jones Caleb Jones,297.085999345779
Connor Murphy Jake McCabe,296.161002588272
Shayne Gostisbehere Vladislav Kolyachonok,296.120004439354
Hampus Lindholm Josh Mahura,296.089000499249
Calvin de Haan Erik Gustafsson,295.503996312618
Jake McCabe Riley Stillman,295.502999162674
Nikita Zadorov Noah Hanifin,295.239997267723
Sebastian Aho Noah Dobson,295.040003538132
Nick Holden Thomas Chabot,294.716004180908
Marco Scandella Justin Faulk,294.444990062714
Josh Manson Samuel Girard,294.305003869534
Brent Burns Radim Simek,294.205996608734
Brent Burns Ryan Merkley,293.475999450684
Rasmus Ristolainen Cam York,293.429006683827
Shayne Gostisbehere Kyle Capobianco,292.770004057884
Robert Bortuzzo Justin Faulk,292.517003828287
Erik Karlsson Nicolas Meloche,292.422000586987
Patrik Nemeth Adam Fox,292.328997111321
Nikita Zadorov Oliver Kylington,292.15999853611
Mark Giordano Jeremy Lauzon,291.543003344536
William Lagesson Philip Broberg,290.017994451523
Mark Borowiecki Dante Fabbro,290.011997652054
Scott Mayfield Robin Salo,289.843999004364
Nick Leddy Colton Parayko,289.769001173973
Jake Bean Gavin Bayreuther,288.800000727177
Henri Jokiharju Rasmus Dahlin,288.764994251728
Dysin Mayo Jakob Chychrun,288.502002370357
Andrej Sekera Thomas Harley,288.46300496459
Brett Kulak Corey Schueneman,288.273998701572
Dysin Mayo Ilya Lyubushkin,288.133001327515
Gabriel Carlsson Gavin Bayreuther,287.726007533073
Jake Bean Adam Boqvist,287.249998748302
Jack Johnson Samuel Girard,286.861990374327
Jeff Petry Kale Clague,286.590994948149
Erik Karlsson Mario Ferraro,286.523005831242
Kevin Shattenkirk Josh Mahura,286.413001978397
Gabriel Carlsson Adam Boqvist,286.176005554199
Anton Stralman Cam Dineen,285.679998648167
Josh Manson Jamie Drysdale,285.105006504059
Dean Kukan Gavin Bayreuther,285.045005238056
Zdeno Chara Robin Salo,284.896005797386
Nick Seeler Cam York,284.111999070644
Zach Werenski Vladislav Gavrikov,283.917994713783
Vince Dunn Jeremy Lauzon,283.64299633503
Dean Kukan Adam Boqvist,283.495003259182
Keith Yandle Ivan Provorov,283.228009867668
Mark Giordano Adam Larsson,283.067003536224
Robert Hagg Rasmus Dahlin,283.002001309395
Connor Murphy Erik Gustafsson,282.585000479221
William Lagesson Markus Niemelainen,282.518999934196
Kevin Connauton Ivan Provorov,282.358006465435
Erik Gustafsson Riley Stillman,281.926997053623
Marc-Edouard Vlasic Erik Karlsson,281.614001941681
Mattias Samuelsson Rasmus Dahlin,281.400994944573
Keith Yandle Travis Sanheim,281.087005281448
Alex Goligoski Jared Spurgeon,280.579993665218
Mark Giordano Morgan Rielly,280.400003314018
Kevin Connauton Travis Sanheim,280.217001879215
Nick Leddy Niko Mikkola,280.018995636702
John Carlson Justin Schultz,279.849999308586
Scott Mayfield Sebastian Aho,279.794001853466
Jeremy Lauzon Dante Fabbro,279.412999415398
Shea Theodore Dylan Coghlan,277.579998254776
Cam Fowler Josh Mahura,277.492998754978
Colin Miller Henri Jokiharju,276.614996480942
Andy Greene Noah Dobson,276.603002738953
Nick Leddy Troy Stecher,276.571001672745
Urho Vaakanainen Jamie Drysdale,276.376003170013
Chris Wideman Alexander Romanov,276.343003451824
Brandon Montour Lucas Carlsson,275.940002739429
Casey Fitzgerald Jacob Bryson,275.846003234386
Josh Mahura Simon Benoit,275.799002456665
Drew Doughty Sean Durzi,275.789998471737
Keith Yandle Rasmus Ristolainen,275.579008448124
Andrej Sustr Jamie Drysdale,275.286004269123
Jeff Petry Corey Schueneman,275.220995777845
Adam Larsson Vince Dunn,275.166996526718
Nick Leddy Filip Hronek,275.153007149696
Zdeno Chara Sebastian Aho,274.846008646488
Kevin Connauton Rasmus Ristolainen,274.709005045891
Nate Schmidt Logan Stanley,274.291999220848
Kris Letang Mark Friedman,273.290006160736
Logan Stanley Neal Pionk,273.232001304626
Sean Durzi Jordan Spence,273.110005378723
Justin Braun Cam York,273.102999460697
Will Butcher Henri Jokiharju,272.844996835291
Chris Wideman Joel Edmundson,272.071997058392
Victor Mete Erik Brannstrom,271.480998909473
Calvin de Haan Seth Jones,271.293994724751
Colin Miller Robert Hagg,270.852003538609
Nicolas Meloche Radim Simek,270.771997690201
Nicolas Meloche Ryan Merkley,270.04200053215
Robin Salo Sebastian Aho,269.590001046658
Kale Clague Tobias Bjornfot,269.582997941971
Colin Miller Mattias Samuelsson,269.250997173786
Sebastian Aho Noah Dobson,268.650001764297
Ben Chiarot Kale Clague,268.502995073795
Andy Greene Sebastian Aho,267.493004870415
Nikita Zaitsev Erik Brannstrom,267.45799934864
Will Butcher Robert Hagg,267.082003892958
Marco Scandella Nick Leddy,266.644992852211
Keith Yandle Nick Seeler,266.262000834942
Jakob Chychrun Vladislav Kolyachonok,266.246002840996
Ilya Lyubushkin Vladislav Kolyachonok,265.877001798153
Nathan Beaulieu Logan Stanley,265.650997507572
Will Butcher Mattias Samuelsson,265.480997528136
Kevin Connauton Nick Seeler,265.391997432709
Mario Ferraro Radim Simek,264.873002934456
Robert Bortuzzo Nick Leddy,264.717006617785
Dysin Mayo Cam Dineen,264.17600133419
Mario Ferraro Ryan Merkley,264.143005776405
Nick Holden Erik Brannstrom,263.356000888348
Kyle Capobianco Jakob Chychrun,262.896002459526
Mark Pysyk Rasmus Dahlin,262.569000518322
Roman Josi Dante Fabbro,262.559999704361
Kyle Capobianco Ilya Lyubushkin,262.527001416683
Vladislav Gavrikov Gavin Bayreuther,262.13800201416
Brendan Smith Ethan Bear,261.579998373985
Vladislav Gavrikov Adam Boqvist,260.588000035286
Matthew Benning Dante Fabbro,260.446000552177
Chris Wideman David Savard,260.298002511263
Marc-Edouard Vlasic Radim Simek,259.963999044895
Tyson Barrie William Lagesson,259.600002884865
Marc-Edouard Vlasic Ryan Merkley,259.234001886845
Nate Schmidt Josh Morrissey,259.120000302792
Zach Werenski Andrew Peeke,259.061999177933
Josh Manson Josh Mahura,258.785003829002
William Lagesson Alexander Romanov,258.673004746437
Connor Murphy Seth Jones,258.374998891354
Josh Morrissey Neal Pionk,258.06000238657
Seth Jones Riley Stillman,257.716995465755
Nick Leddy Gustav Lindstrom,257.607002365589
Ben Chiarot Corey Schueneman,257.132995903492
Justin Faulk Torey Krug,257.019997000694
Jake McCabe Erik Gustafsson,255.375995862484
Keith Yandle Justin Braun,255.253001224995
Justin Braun Braden Schneider,254.822996389866
Joel Edmundson William Lagesson,254.401998353004
Justin Braun Kevin Connauton,254.382997822761
Kevin Connauton Aaron Ekblad,252.930003941059
John Klingberg Thomas Harley,252.459999978542
Adam Fox Nils Lundkvist,252.119995713234
Andy Greene Robin Salo,251.153000247478
Nathan Beaulieu Josh Morrissey,250.478998589516
Mark Pysyk Colin Miller,250.419002747536
Josh Mahura Urho Vaakanainen,250.056000494957
Andrej Sustr Josh Mahura,248.966001594067
Nick Leddy Jordan Oesterle,248.27400342226
Thomas Chabot Erik Brannstrom,247.140000760555
Casey Fitzgerald Henri Jokiharju,247.024996447563
Marc Staal Nick Leddy,246.692999744415
Mark Pysyk Will Butcher,246.649003101885
Patrik Nemeth Nils Lundkvist,246.208999013901
Robin Salo Sebastian Aho,243.199999272823
Kale Clague Alexander Romanov,242.813002467155
David Savard William Lagesson,242.628003805876
Cam Dineen Vladislav Kolyachonok,241.920001804829
Robert Hagg Casey Fitzgerald,241.26200350523
Andy Greene Sebastian Aho,241.10300309658
Mike Matheson Mark Friedman,240.640005111694
Casey Fitzgerald Mattias Samuelsson,239.660997140408
Kyle Capobianco Cam Dineen,238.570001423359
Joel Edmundson Kale Clague,238.541996073723
Nick Leddy Danny DeKeyser,238.471999835968
Andrew Peeke Gavin Bayreuther,237.28200647831
Samuel Girard Bowen Byram,235.999999165535
Andrew Peeke Adam Boqvist,235.732004499435
Adam Fox Braden Schneider,235.239995598793
Nate Schmidt Neal Pionk,233.340003371239
Alexander Romanov Corey Schueneman,231.443003296852
Mark Giordano Vince Dunn,231.419996261597
Jake McCabe Seth Jones,231.165994274616
Kevin Connauton Brandon Montour,230.290002524853
Patrik Nemeth Braden Schneider,229.32899889946
Nick Leddy Torey Krug,229.219999790192
Joel Edmundson Corey Schueneman,227.171996903419
Sebastian Aho Noah Dobson,226.850003004074
David Savard Kale Clague,226.768001526594
Nathan Beaulieu Nate Schmidt,225.758999574184
Anton Stralman Dysin Mayo,225.076001799107
Nathan Beaulieu Neal Pionk,224.699001657963
Dougie Hamilton Ty Smith,222.340006709099
Mark Pysyk Casey Fitzgerald,220.829002714157
Erik Gustafsson Seth Jones,217.589992165565
Chris Wideman William Lagesson,217.069998800755
David Savard Corey Schueneman,215.398002356291
Robin Salo Noah Dobson,210.509998381138
Zach Werenski Gavin Bayreuther,206.379999756813
Colin Miller Rasmus Dahlin,204.929996788502
Zach Werenski Adam Boqvist,204.829997777939
Anton Stralman Vladislav Kolyachonok,202.820002269745
Robin Salo Sebastian Aho,201.4000005126
Chris Wideman Kale Clague,201.209996521473
Will Butcher Rasmus Dahlin,201.159997142851
Sebastian Aho Noah Dobson,200.46000123024
Anton Stralman Kyle Capobianco,199.470001888275
Erik Karlsson Radim Simek,196.249997079372
Nick Leddy Justin Faulk,195.83999812603
Erik Karlsson Ryan Merkley,195.519999921322
Keith Yandle Cam York,190.950005292892
Kevin Connauton Cam York,190.080001890659
Chris Wideman Corey Schueneman,189.83999735117
Colin Miller Will Butcher,189.009999372065
Gavin Bayreuther Adam Boqvist,183.050005078316
Dysin Mayo Vladislav Kolyachonok,181.316004955769
Josh Mahura Jamie Drysdale,179.640001773834
Dysin Mayo Kyle Capobianco,177.966004574299
Casey Fitzgerald Rasmus Dahlin,175.339996755123
Robin Salo Sebastian Aho,175.009998738766
Radim Simek Ryan Merkley,173.869997024536
Keith Yandle Kevin Connauton,172.230003654957
William Lagesson Corey Schueneman,172.169998645782
Colin Miller Casey Fitzgerald,163.189998984337
Will Butcher Casey Fitzgerald,159.419999338686
Kale Clague Corey Schueneman,156.309996366501
Kyle Capobianco Vladislav Kolyachonok,155.710005044937